﻿<?xml version="1.0" encoding="utf-8"?>
<RoleModel xmlns:xsi="http://www.w3.org/2001/XMLSchema-instance" xmlns:xsd="http://www.w3.org/2001/XMLSchema" name="WebRole1" version="2.5.6496.10" xmlns="http://schemas.microsoft.com/ServiceHosting/2008/10/ServiceDefinition">
  <Runtime>
    <EntryPoint>
      <NetFxEntryPoint assemblyName="WebRole1.dll" targetFrameworkVersion="v4.0" />
    </EntryPoint>
  </Runtime>
  <Properties>
    <Property name="TargetFrameworkVersion" value="v4.5" />
    <Property name="RoleType" value="Web" />
    <Property name="RoleName" value="WebRole1" />
    <Property name="ProjectName" value="WebRole1" />
    <Property name="Configuration" value="Release" />
    <Property name="Platform" value="AnyCPU" />
    <Property name="SetConfiguration" value="Configuration=Release" />
    <Property name="SetPlatform" value="Platform=AnyCPU" />
    <Property name="RoleTargetFramework" value="v4.5" />
    <Property name="OutputDir" value="c:\users\raymond\documents\visual studio 2013\Projects\AzureCloudService2\AzureCloudService2\obj\Release\WebRole1\" />
    <Property name="EntryPoint" value="WebRole1.dll" />
    <Property name="SourceDir" value="c:\users\raymond\documents\visual studio 2013\Projects\AzureCloudService2\WebRole1\" />
    <Property name="SitePhysicalPath" value="c:\users\raymond\documents\visual studio 2013\Projects\AzureCloudService2\AzureCloudService2\obj\Release\WebRole1\" />
    <Property name="TargetRuntimeVersion" value="v4.0" />
  </Properties>
  <Sites>
    <Site name="Web" physicalDirectory="c:\users\raymond\documents\visual studio 2013\Projects\AzureCloudService2\AzureCloudService2\obj\Release\WebRole1\">
      <Bindings>
        <Binding name="Endpoint1" endpointName="Endpoint1" />
      </Bindings>
    </Site>
  </Sites>
</RoleModel>